<application>
  <component name="CodeInsightSettings">
    <option name="REFORMAT_ON_PASTE" value="2" />
  </component>
  <component name="DefaultFont">
    <option name="FONT_SIZE" value="12" />
  </component>
  <component name="EditorSettings">
    <option name="languageBreadcrumbsMap">
      <map>
        <entry key="Python" value="true" />
      </map>
    </option>
    <option name="USE_SOFT_WRAPS" value="CONSOLE" />
    <option name="SOFT_WRAP_FILE_MASKS" value="*.md; *.txt; *.rst; *.adoc" />
    <option name="IS_WHEEL_FONTCHANGE_ENABLED" value="true" />
  </component>
</application>