<application>
  <component name="ProjectJdkTable">
    <jdk version="2">
      <name value="Pipenv (surepreme)" />
      <type value="Python SDK" />
      <version value="Python 3.7.7" />
      <homePath value="$USER_HOME$/.local/share/virtualenvs/surepreme-tfAw_WZV/bin/python" />
      <roots>
        <classPath>
          <root type="composite">
            <root url="file://$USER_HOME$/.local/share/virtualenvs/surepreme-tfAw_WZV/lib/python3.7" type="simple" />
            <root url="file://$USER_HOME$/.local/share/virtualenvs/surepreme-tfAw_WZV/lib/python3.7/lib-dynload" type="simple" />
            <root url="file:///usr/local/Cellar/python/3.7.7/Frameworks/Python.framework/Versions/3.7/lib/python3.7" type="simple" />
            <root url="file://$USER_HOME$/.local/share/virtualenvs/surepreme-tfAw_WZV/lib/python3.7/site-packages" type="simple" />
            <root url="file://$USER_HOME$/.local/share/virtualenvs/surepreme-tfAw_WZV/src/graphene-django-optimizer" type="simple" />
            <root url="file://$USER_HOME$/.local/share/virtualenvs/surepreme-tfAw_WZV/src/hypersure" type="simple" />
            <root url="file://$USER_HOME$/.local/share/virtualenvs/surepreme-tfAw_WZV/src/jslog4kube" type="simple" />
            <root url="file://$USER_HOME$/.local/share/virtualenvs/surepreme-tfAw_WZV/src/lexisnexis-ivs-serializer" type="simple" />
            <root url="file://$USER_HOME$/.local/share/virtualenvs/surepreme-tfAw_WZV/src/sqlformatter" type="simple" />
            <root url="file://$USER_HOME$/.local/share/virtualenvs/surepreme-tfAw_WZV/src/suredlib" type="simple" />
            <root url="file://$USER_HOME$/Library/Caches/PyCharm2019.3/python_stubs/-480022075" type="simple" />
            <root url="file://$APPLICATION_HOME_DIR$/plugins/python/helpers/python-skeletons" type="simple" />
            <root url="file://$APPLICATION_HOME_DIR$/plugins/python/helpers/typeshed/stdlib/3" type="simple" />
            <root url="file://$APPLICATION_HOME_DIR$/plugins/python/helpers/typeshed/stdlib/2and3" type="simple" />
            <root url="file://$APPLICATION_HOME_DIR$/plugins/python/helpers/typeshed/third_party/3" type="simple" />
            <root url="file://$APPLICATION_HOME_DIR$/plugins/python/helpers/typeshed/third_party/2and3" type="simple" />
          </root>
        </classPath>
        <sourcePath>
          <root type="composite" />
        </sourcePath>
      </roots>
      <additional ASSOCIATED_PROJECT_PATH="$USER_HOME$/src/surepreme" IS_PIPENV="true" />
    </jdk>
    <jdk version="2">
      <name value="Python 3.7" />
      <type value="Python SDK" />
      <version value="Python 3.7.6" />
      <homePath value="/usr/local/bin/python3.7" />
      <roots>
        <classPath>
          <root type="composite">
            <root url="file:///usr/local/Cellar/python/3.7.6_1/Frameworks/Python.framework/Versions/3.7/lib/python3.7" type="simple" />
            <root url="file:///usr/local/Cellar/python/3.7.6_1/Frameworks/Python.framework/Versions/3.7/lib/python3.7/lib-dynload" type="simple" />
            <root url="file:///usr/local/lib/python3.7/site-packages" type="simple" />
            <root url="file:///usr/local/lib/python3.7/site-packages/geos" type="simple" />
            <root url="file:///usr/local/Cellar/protobuf/3.11.3/libexec/lib/python3.7/site-packages" type="simple" />
            <root url="file://$USER_HOME$/Library/Caches/PyCharm2019.3/python_stubs/-1199943126" type="simple" />
            <root url="file://$APPLICATION_HOME_DIR$/plugins/python/helpers/python-skeletons" type="simple" />
            <root url="file://$APPLICATION_HOME_DIR$/plugins/python/helpers/typeshed/stdlib/3" type="simple" />
            <root url="file://$APPLICATION_HOME_DIR$/plugins/python/helpers/typeshed/stdlib/2and3" type="simple" />
            <root url="file://$APPLICATION_HOME_DIR$/plugins/python/helpers/typeshed/third_party/3" type="simple" />
            <root url="file://$APPLICATION_HOME_DIR$/plugins/python/helpers/typeshed/third_party/2and3" type="simple" />
          </root>
        </classPath>
        <sourcePath>
          <root type="composite" />
        </sourcePath>
      </roots>
      <additional />
    </jdk>
    <jdk version="2">
      <name value="Pipenv (farmers-auto-roc-svc)" />
      <type value="Python SDK" />
      <version value="Python 3.7.6" />
      <homePath value="$USER_HOME$/.local/share/virtualenvs/farmers-auto-roc-svc--NzEHbNd/bin/python" />
      <roots>
        <classPath>
          <root type="composite">
            <root url="file://$USER_HOME$/.local/share/virtualenvs/farmers-auto-roc-svc--NzEHbNd/lib/python3.7" type="simple" />
            <root url="file://$USER_HOME$/.local/share/virtualenvs/farmers-auto-roc-svc--NzEHbNd/lib/python3.7/lib-dynload" type="simple" />
            <root url="file:///usr/local/Cellar/python/3.7.6_1/Frameworks/Python.framework/Versions/3.7/lib/python3.7" type="simple" />
            <root url="file://$USER_HOME$/.local/share/virtualenvs/farmers-auto-roc-svc--NzEHbNd/lib/python3.7/site-packages" type="simple" />
            <root url="file://$USER_HOME$/.local/share/virtualenvs/farmers-auto-roc-svc--NzEHbNd/src/etl-toolkit" type="simple" />
            <root url="file://$USER_HOME$/.local/share/virtualenvs/farmers-auto-roc-svc--NzEHbNd/src/hypersure" type="simple" />
            <root url="file://$USER_HOME$/.local/share/virtualenvs/farmers-auto-roc-svc--NzEHbNd/src/sqlformatter" type="simple" />
            <root url="file://$USER_HOME$/.local/share/virtualenvs/farmers-auto-roc-svc--NzEHbNd/src/suredlib" type="simple" />
            <root url="file://$USER_HOME$/Library/Caches/PyCharm2019.3/python_stubs/-1818793395" type="simple" />
            <root url="file://$APPLICATION_HOME_DIR$/plugins/python/helpers/python-skeletons" type="simple" />
            <root url="file://$APPLICATION_HOME_DIR$/plugins/python/helpers/typeshed/stdlib/3" type="simple" />
            <root url="file://$APPLICATION_HOME_DIR$/plugins/python/helpers/typeshed/stdlib/2and3" type="simple" />
            <root url="file://$APPLICATION_HOME_DIR$/plugins/python/helpers/typeshed/third_party/3" type="simple" />
            <root url="file://$APPLICATION_HOME_DIR$/plugins/python/helpers/typeshed/third_party/2and3" type="simple" />
          </root>
        </classPath>
        <sourcePath>
          <root type="composite" />
        </sourcePath>
      </roots>
      <additional ASSOCIATED_PROJECT_PATH="$USER_HOME$/src/farmers-auto-roc-svc" IS_PIPENV="true" />
    </jdk>
  </component>
</application>