<profile version="1.0">
  <option name="myName" value="Default" />
  <inspection_tool class="DuplicatedCode" enabled="false" level="WEAK WARNING" enabled_by_default="false" />
  <inspection_tool class="Eslint" enabled="true" level="WARNING" enabled_by_default="true" />
  <inspection_tool class="JSMethodCanBeStatic" enabled="true" level="WEAK WARNING" enabled_by_default="true" />
  <inspection_tool class="PyMethodMayBeStaticInspection" enabled="true" level="INFORMATION" enabled_by_default="true" />
  <inspection_tool class="PyPackageRequirementsInspection" enabled="true" level="WARNING" enabled_by_default="true">
    <option name="ignoredPackages">
      <value>
        <list size="180">
          <item index="0" class="java.lang.String" itemvalue="python-crfsuite" />
          <item index="1" class="java.lang.String" itemvalue="tabulate" />
          <item index="2" class="java.lang.String" itemvalue="pickleshare" />
          <item index="3" class="java.lang.String" itemvalue="defusedxml" />
          <item index="4" class="java.lang.String" itemvalue="sqlformatter" />
          <item index="5" class="java.lang.String" itemvalue="pycparser" />
          <item index="6" class="java.lang.String" itemvalue="azure-common" />
          <item index="7" class="java.lang.String" itemvalue="plaid-python" />
          <item index="8" class="java.lang.String" itemvalue="markupsafe" />
          <item index="9" class="java.lang.String" itemvalue="redis" />
          <item index="10" class="java.lang.String" itemvalue="pyasn1-modules" />
          <item index="11" class="java.lang.String" itemvalue="python-magic" />
          <item index="12" class="java.lang.String" itemvalue="ipython-genutils" />
          <item index="13" class="java.lang.String" itemvalue="cfn-lint" />
          <item index="14" class="java.lang.String" itemvalue="sentry-sdk" />
          <item index="15" class="java.lang.String" itemvalue="mccabe" />
          <item index="16" class="java.lang.String" itemvalue="pycryptodomex" />
          <item index="17" class="java.lang.String" itemvalue="docutils" />
          <item index="18" class="java.lang.String" itemvalue="pynacl" />
          <item index="19" class="java.lang.String" itemvalue="jsonschema" />
          <item index="20" class="java.lang.String" itemvalue="m2crypto" />
          <item index="21" class="java.lang.String" itemvalue="pydantic" />
          <item index="22" class="java.lang.String" itemvalue="werkzeug" />
          <item index="23" class="java.lang.String" itemvalue="aniso8601" />
          <item index="24" class="java.lang.String" itemvalue="graphql-core" />
          <item index="25" class="java.lang.String" itemvalue="ijson" />
          <item index="26" class="java.lang.String" itemvalue="asgiref" />
          <item index="27" class="java.lang.String" itemvalue="reportlab" />
          <item index="28" class="java.lang.String" itemvalue="pexpect" />
          <item index="29" class="java.lang.String" itemvalue="gunicorn" />
          <item index="30" class="java.lang.String" itemvalue="jslog4kube" />
          <item index="31" class="java.lang.String" itemvalue="attrs" />
          <item index="32" class="java.lang.String" itemvalue="pyyaml" />
          <item index="33" class="java.lang.String" itemvalue="jedi" />
          <item index="34" class="java.lang.String" itemvalue="boto3" />
          <item index="35" class="java.lang.String" itemvalue="paramiko" />
          <item index="36" class="java.lang.String" itemvalue="twilio" />
          <item index="37" class="java.lang.String" itemvalue="jsonpatch" />
          <item index="38" class="java.lang.String" itemvalue="idna" />
          <item index="39" class="java.lang.String" itemvalue="rsa" />
          <item index="40" class="java.lang.String" itemvalue="decorator" />
          <item index="41" class="java.lang.String" itemvalue="networkx" />
          <item index="42" class="java.lang.String" itemvalue="rx" />
          <item index="43" class="java.lang.String" itemvalue="sshpubkeys" />
          <item index="44" class="java.lang.String" itemvalue="cffi" />
          <item index="45" class="java.lang.String" itemvalue="aws-sam-translator" />
          <item index="46" class="java.lang.String" itemvalue="hypersure" />
          <item index="47" class="java.lang.String" itemvalue="pycodestyle" />
          <item index="48" class="java.lang.String" itemvalue="pyasn1" />
          <item index="49" class="java.lang.String" itemvalue="requests" />
          <item index="50" class="java.lang.String" itemvalue="awscli" />
          <item index="51" class="java.lang.String" itemvalue="snowflake-connector-python" />
          <item index="52" class="java.lang.String" itemvalue="pyopenssl" />
          <item index="53" class="java.lang.String" itemvalue="websocket-client" />
          <item index="54" class="java.lang.String" itemvalue="pyrsistent" />
          <item index="55" class="java.lang.String" itemvalue="celery" />
          <item index="56" class="java.lang.String" itemvalue="pkpass-utils" />
          <item index="57" class="java.lang.String" itemvalue="pytzdata" />
          <item index="58" class="java.lang.String" itemvalue="zipp" />
          <item index="59" class="java.lang.String" itemvalue="tenacity" />
          <item index="60" class="java.lang.String" itemvalue="datadog" />
          <item index="61" class="java.lang.String" itemvalue="prompt-toolkit" />
          <item index="62" class="java.lang.String" itemvalue="djangorestframework" />
          <item index="63" class="java.lang.String" itemvalue="codecov" />
          <item index="64" class="java.lang.String" itemvalue="pygments" />
          <item index="65" class="java.lang.String" itemvalue="unittest-xml-reporting" />
          <item index="66" class="java.lang.String" itemvalue="cssselect2" />
          <item index="67" class="java.lang.String" itemvalue="ivs-serializer" />
          <item index="68" class="java.lang.String" itemvalue="botocore" />
          <item index="69" class="java.lang.String" itemvalue="phonenumbers" />
          <item index="70" class="java.lang.String" itemvalue="pysftp" />
          <item index="71" class="java.lang.String" itemvalue="amqp" />
          <item index="72" class="java.lang.String" itemvalue="iso8601" />
          <item index="73" class="java.lang.String" itemvalue="colour-runner" />
          <item index="74" class="java.lang.String" itemvalue="graphene-mongo" />
          <item index="75" class="java.lang.String" itemvalue="jsonpointer" />
          <item index="76" class="java.lang.String" itemvalue="junit-xml" />
          <item index="77" class="java.lang.String" itemvalue="probableparsing" />
          <item index="78" class="java.lang.String" itemvalue="toml" />
          <item index="79" class="java.lang.String" itemvalue="dictdiffer" />
          <item index="80" class="java.lang.String" itemvalue="python-memcached" />
          <item index="81" class="java.lang.String" itemvalue="sortedcontainers" />
          <item index="82" class="java.lang.String" itemvalue="singledispatch" />
          <item index="83" class="java.lang.String" itemvalue="future" />
          <item index="84" class="java.lang.String" itemvalue="django-redis" />
          <item index="85" class="java.lang.String" itemvalue="cachetools" />
          <item index="86" class="java.lang.String" itemvalue="responses" />
          <item index="87" class="java.lang.String" itemvalue="pysocks" />
          <item index="88" class="java.lang.String" itemvalue="isort" />
          <item index="89" class="java.lang.String" itemvalue="pytz" />
          <item index="90" class="java.lang.String" itemvalue="pyjwt" />
          <item index="91" class="java.lang.String" itemvalue="setproctitle" />
          <item index="92" class="java.lang.String" itemvalue="webencodings" />
          <item index="93" class="java.lang.String" itemvalue="traitlets" />
          <item index="94" class="java.lang.String" itemvalue="protobuf" />
          <item index="95" class="java.lang.String" itemvalue="graphql-relay" />
          <item index="96" class="java.lang.String" itemvalue="html5lib" />
          <item index="97" class="java.lang.String" itemvalue="blessings" />
          <item index="98" class="java.lang.String" itemvalue="python-dateutil" />
          <item index="99" class="java.lang.String" itemvalue="psycopg2-binary" />
          <item index="100" class="java.lang.String" itemvalue="pre-commit" />
          <item index="101" class="java.lang.String" itemvalue="jsonpickle" />
          <item index="102" class="java.lang.String" itemvalue="promise" />
          <item index="103" class="java.lang.String" itemvalue="kombu" />
          <item index="104" class="java.lang.String" itemvalue="tinycss2" />
          <item index="105" class="java.lang.String" itemvalue="graphene-django" />
          <item index="106" class="java.lang.String" itemvalue="suredlib" />
          <item index="107" class="java.lang.String" itemvalue="datetime" />
          <item index="108" class="java.lang.String" itemvalue="mongoengine" />
          <item index="109" class="java.lang.String" itemvalue="appdirs" />
          <item index="110" class="java.lang.String" itemvalue="aws-xray-sdk" />
          <item index="111" class="java.lang.String" itemvalue="python-json-logger" />
          <item index="112" class="java.lang.String" itemvalue="usaddress" />
          <item index="113" class="java.lang.String" itemvalue="filelock" />
          <item index="114" class="java.lang.String" itemvalue="certifi" />
          <item index="115" class="java.lang.String" itemvalue="schematics" />
          <item index="116" class="java.lang.String" itemvalue="stripe" />
          <item index="117" class="java.lang.String" itemvalue="pendulum" />
          <item index="118" class="java.lang.String" itemvalue="vine" />
          <item index="119" class="java.lang.String" itemvalue="intervaltree" />
          <item index="120" class="java.lang.String" itemvalue="sentinels" />
          <item index="121" class="java.lang.String" itemvalue="nodeenv" />
          <item index="122" class="java.lang.String" itemvalue="cairocffi" />
          <item index="123" class="java.lang.String" itemvalue="requests-mock" />
          <item index="124" class="java.lang.String" itemvalue="boto" />
          <item index="125" class="java.lang.String" itemvalue="wrapt" />
          <item index="126" class="java.lang.String" itemvalue="cryptography" />
          <item index="127" class="java.lang.String" itemvalue="zope.interface" />
          <item index="128" class="java.lang.String" itemvalue="appnope" />
          <item index="129" class="java.lang.String" itemvalue="moto" />
          <item index="130" class="java.lang.String" itemvalue="bcrypt" />
          <item index="131" class="java.lang.String" itemvalue="jinja2" />
          <item index="132" class="java.lang.String" itemvalue="backcall" />
          <item index="133" class="java.lang.String" itemvalue="virtualenv" />
          <item index="134" class="java.lang.String" itemvalue="closeio" />
          <item index="135" class="java.lang.String" itemvalue="distlib" />
          <item index="136" class="java.lang.String" itemvalue="mock" />
          <item index="137" class="java.lang.String" itemvalue="mongomock" />
          <item index="138" class="java.lang.String" itemvalue="cfgv" />
          <item index="139" class="java.lang.String" itemvalue="model-bakery" />
          <item index="140" class="java.lang.String" itemvalue="jsondiff" />
          <item index="141" class="java.lang.String" itemvalue="graphene-django-optimizer" />
          <item index="142" class="java.lang.String" itemvalue="ptyprocess" />
          <item index="143" class="java.lang.String" itemvalue="azure-storage-common" />
          <item index="144" class="java.lang.String" itemvalue="wcwidth" />
          <item index="145" class="java.lang.String" itemvalue="importlib-metadata" />
          <item index="146" class="java.lang.String" itemvalue="graphene" />
          <item index="147" class="java.lang.String" itemvalue="flake8" />
          <item index="148" class="java.lang.String" itemvalue="sqlparse" />
          <item index="149" class="java.lang.String" itemvalue="docker" />
          <item index="150" class="java.lang.String" itemvalue="pyphen" />
          <item index="151" class="java.lang.String" itemvalue="freezegun" />
          <item index="152" class="java.lang.String" itemvalue="xmltodict" />
          <item index="153" class="java.lang.String" itemvalue="urllib3" />
          <item index="154" class="java.lang.String" itemvalue="oscrypto" />
          <item index="155" class="java.lang.String" itemvalue="python-jose" />
          <item index="156" class="java.lang.String" itemvalue="billiard" />
          <item index="157" class="java.lang.String" itemvalue="coverage" />
          <item index="158" class="java.lang.String" itemvalue="six" />
          <item index="159" class="java.lang.String" itemvalue="pymongo" />
          <item index="160" class="java.lang.String" itemvalue="cairosvg" />
          <item index="161" class="java.lang.String" itemvalue="identify" />
          <item index="162" class="java.lang.String" itemvalue="pyflakes" />
          <item index="163" class="java.lang.String" itemvalue="asn1crypto" />
          <item index="164" class="java.lang.String" itemvalue="parso" />
          <item index="165" class="java.lang.String" itemvalue="weasyprint" />
          <item index="166" class="java.lang.String" itemvalue="ecdsa" />
          <item index="167" class="java.lang.String" itemvalue="ipython" />
          <item index="168" class="java.lang.String" itemvalue="pdfrw" />
          <item index="169" class="java.lang.String" itemvalue="ddtrace" />
          <item index="170" class="java.lang.String" itemvalue="jmespath" />
          <item index="171" class="java.lang.String" itemvalue="chardet" />
          <item index="172" class="java.lang.String" itemvalue="platform-core" />
          <item index="173" class="java.lang.String" itemvalue="s3transfer" />
          <item index="174" class="java.lang.String" itemvalue="django" />
          <item index="175" class="java.lang.String" itemvalue="pypdf2" />
          <item index="176" class="java.lang.String" itemvalue="azure-storage-blob" />
          <item index="177" class="java.lang.String" itemvalue="colorama" />
          <item index="178" class="java.lang.String" itemvalue="pillow" />
          <item index="179" class="java.lang.String" itemvalue="google-auth" />
        </list>
      </value>
    </option>
  </inspection_tool>
  <inspection_tool class="PyPep8Inspection" enabled="true" level="WEAK WARNING" enabled_by_default="true">
    <option name="ignoredErrors">
      <list>
        <option value="W601" />
      </list>
    </option>
  </inspection_tool>
</profile>